Place,Nom du Lycée,Ville,Latitude,Longitude,Prix/m²
1,Louis Le Grand,Paris 5e,48.8464,2.3436,10271
2,Saint-Dominique,Neuilly-Sur-Seine,48.8846,2.2670,10306
3,Henri IV,Paris 5e,48.8478,2.3465,10271
4,Stanislas,Paris 6e,48.8505,2.3314,10271
5,Jeannine Manuel,Paris 15e,48.8391,2.2850,10271
6,Ecole Alsacienne,Paris 6e,48.8490,2.3300,10271
7,Charlemagne,Paris 4e,48.8545,2.3583,10271
8,Charles Péguy,Paris 11e,48.8598,2.3806,10271
9,Sainte-Geneviève,Asnières-Sur-Seine,48.9069,2.2871,6340
10,Sainte-Marie,Neuilly-Sur-Seine,48.8846,2.2670,10306
11,Saint-Michel de Picpus,Paris 12e,48.8383,2.4006,10271
12,Rocroy Saint-Vincent de Paul,Paris 10e,48.8760,2.3558,10271
13,Notre-Dame de Sion,Paris 6e,48.8481,2.3276,10271
14,Condorcet,Paris 9e,48.8756,2.3397,10271
15,Epin,Vitry-Sur-Seine,48.7886,2.4039,4244
16,Bossuet Notre-Dame,Paris 10e,48.8744,2.3511,10271
17,Notre-Dame des Missions,Charenton-Le-Pont,48.8194,2.4094,7402
18,Lycée Franco-Allemand,Buc,48.7736,2.1243,4874
19,Saint-Louis de Gonzague,Paris 16e,48.8677,2.2785,10271
20,Madeleine Daniélou,Rueil-Malmaison,48.8824,2.1821,6066
21,Fénelon,Paris 6e,48.8481,2.3276,10271
22,Lycée International de Saint-Germain-en-Laye,Saint-Germain-En-Laye,48.8966,2.0789,5952
23,Hoche,Versailles,48.8036,2.1264,6509
24,Notre-Dame,Boulogne-Billancourt,48.8401,2.2383,8648
25,Notre-Dame,Meudon,48.8097,2.2328,5591
26,Montalembert,Courbevoie,48.8978,2.2673,6690
27,Charles de Foucauld,Paris 18e,48.8907,2.3470,10271
28,Jeanne d'Arc,Colombes,48.9245,2.2562,5467
29,Sacré-Cœur,La Ville-Du-Bois,48.6578,2.2706,3348
30,Sainte-Thérèse,Ozoir-La-Ferrière,48.7510,2.6722,4212
31,Saint-François d'Assise,Montigny-Le-Bretonneux,48.7756,2.0407,3785
32,Montalembert,Nogent-Sur-Marne,48.8375,2.4837,6210
33,Albert de Mun,Nogent-Sur-Marne,48.8390,2.4879,6210
34,Guy Gasnier Sainte-Bathilde,Chelles,48.8829,2.5945,3855
35,Lycée International de l'Est Parisien,Noisy-Le-Grand,48.8365,2.5514,3866
36,Henri Matisse,Montreuil,48.8620,2.4486,5827
37,Jeanne d'Arc,Montrouge,48.8185,2.3219,7135
38,Sophie Barat,Châtenay-Malabry,48.7690,2.2742,4714
39,La Salle Passy Buzenval,Rueil-Malmaison,48.8719,2.1617,6066
40,Notre-Dame du Grandchamp,Versailles,48.7964,2.1305,6509
41,Saint-Thomas de Villeneuve,Chaville,48.8107,2.1924,5906
42,La Rochefoucauld,Paris 7e,48.8547,2.3424,10271
43,Notre-Dame,Sannois,48.9718,2.2582,3913
44,Claude Monet,Paris 13e,48.8327,2.3608,10271
45,Notre-Dame de France,Paris 13e,48.8327,2.3608,10271
46,Maurice Rondeau,Bussy-Saint-Georges,48.8396,2.7155,3855
47,Sainte-Ursule,Paris 17e,48.8856,2.3094,10271
48,Le Bon Sauveur,Le Vésinet,48.8943,2.1284,6431
49,La Tour,Paris 16e,48.8544,2.2648,10271
50,Pascal,Paris 16e,48.8535,2.2669,10271
51,Sainte-Louise,Paris 20e,48.8652,2.3999,10271
52,Notre-Dame de Bury,Margency,49.0159,2.3203,3685
53,Sophie Germain,Paris 4e,48.8535,2.3574,10271
54,Merkaz Hatorah (filles),Le Raincy,48.8942,2.5278,4020
55,Louise de Marillac,Paris 5e,48.8464,2.3436,10271
56,Notre-Dame de la Providence,Vincennes,48.8479,2.4347,8438
57,Saint-Augustin,Saint-Germain-En-Laye,48.9031,2.0900,5952







