classement,nom_lycee,arrondissement,prix_arrondissement
1,Lycée-ESAA-Ecole Boulle (Paris),1,13570
2,Lycée Stanislas (Paris),7,14948
3,Lycée Henri-IV (Paris),5,11782
4,Ecole active bilingue Jeannine Manuel (Paris),15,13791
5,Lycée Louis Le Grand (Paris),5,11782
6,Lycée Charlemagne (Paris),4,14232
7,Lycée L'Ecole alsacienne (Paris),6,14058
8,Lycée Saint-Michel de Picpus (Paris),12,12980
9,Lycée Notre-Dame de Sion (Paris),6,14058
10,Lycée Saint-Louis de Gonzague (Paris),16,12931
11,Lycée Rocroy Saint-Vincent-de-Paul (Paris),10,10960
12,Lycée Condorcet (Paris),9,12980
13,Lycée Bossuet Notre-Dame (Paris),10,12980
14,Lycée Charles Péguy (Paris),3,10288
15,Lycée Fénelon (Paris),6,14058
16,Lycée Blomet (Paris),15,13791
17,Lycée Fénelon Sainte-Marie La Plaine Monceau (Paris),17,11364
18,Lycée Saint-Jean de Passy (Paris),16,12931
19,Lycée Notre-Dame de France (Paris),14,8905
20,Lycée Claude Monet (Paris),13,9607
21,Lycée Pascal (Paris),13,9607
22,Lycée Sainte-Ursule Louise de Bettignies (Paris),17,11364
23,Lycée La Rochefoucauld (Paris),9,12931
24,Lycée de la Tour (Paris),16,12931
25,Lycée Massillon (Paris),17,11364
26,Lycée Sainte-Louise (Paris),17,11364
27,Lycée Charles de Foucauld (Paris),13,9607
28,Ecole internationale bilingue-Etoile (Paris),17,11364
29,Lycée Gerson (Paris),16,12931
30,Lycée Sévigné (Paris),5,11782
31,Lycée Yabné (Paris),12,12980
32,Lycée Paul Claudel-d'Hulst (Paris),20,9400
33,Lycée Louise de Marillac (Paris),14,11782
34,Lycée Eugène Napoléon - Saint-Pierre Fourier (Paris),15,13791
35,Lycée des Francs Bourgeois - La Salle (Paris),3,10288
36,Lycée de l'Alma (Paris),7,10948
37,Lycée Sainte-Jeanne Elisabeth (Paris),14,11782
38,Lycée Sophie Germain (Paris),6,14058
39,Lycée Lavoisier (Paris),9,11782
40,Lycée Sainte-Geneviève (Paris),5,11782
41,Lycée Victor Hugo (Paris),3,10288
42,Lycée Jean de La Fontaine (Paris),16,12931
43,Lycée Sainte-Elisabeth (Paris),15,13791
44,Lycée Victor Duruy (Paris),7,14948
45,Lycée Chaptal (Paris),9,11782
46,Lycée Saint-Michel des Batignolles (Paris),17,11364
47,Lycée Racine (Paris),5,11782
48,Lycée Lucien de Hirsch (Paris),13,9607
49,Lycée de l'Assomption (Paris),7,14232
50,Lycée Jean-Baptiste Say (Paris),16,12602
51,Lycée Notre-Dame des Oiseaux (Paris),11,11255
52,Lycée Buffon (Paris),9,9570
53,Lycée Carnot (Paris),17,11364
54,Lycée Janson de Sailly (Paris),10,10960
55,Lycée technique de l'école technique supérieure du laboratoire (Paris),10,10288
56,Lycée Edgar Poe (Paris),8,8893
57,Lycée technique Saint-Nicolas (Paris),3,10288
58,Lycée Hélène Boucher (Paris),8,8905
59,Lycée Montaigne (Paris),9,11782
60,Lycée N'R Hatorah (Paris),14,14058
61,Lycée Jules Ferry (Paris),11,10931
62,Lycée Saint-Thomas d'Aquin (Paris),1,13570
63,Lycée Passy Saint-Honoré (Paris),6,14058
64,Lycée Notre-Dame (Saint-Vincent-de-Paul) (Paris),17,11782
65,Lycée technologique d'Arts appliqués Auguste Renoir (Paris),13,9607
66,Lycée Turgot (Paris),13,9607
67,Lycée Arago (Paris),4,14232
68,Lycée international de Paris Honoré de Balzac (Paris),17,11364
69,Lycée Maurice Ravel (Paris),14,14058
70,Lycée Georges Leven (Paris),11,11255
71,Lycée Rodin (Paris),1,12343
72,Lycée Carcado Saisseval (Paris),10,10960
73,Lycée Le Rebours (Paris),14,8905
74,Lycée Paul Poiret (Paris),11,10931
75,Lycée Pierre-Gilles de Gennes Ecole nationale de chimie physique et biologie (Paris),14,11782
76,Lycée Saint-Sulpice (Paris),14,8905
77,Lycée professionnel Etienne Dolet (Paris),16,12602
78,Lycée Beth Hanna (Paris),11,11255
79,Lycée technologique Jules Richard (Paris),10,10960
80,Lycée Camille Sée (Paris),15,13791
81,Lycée des Petits Champs (Paris),4,14232
82,Lycée l'Initiative (Paris),8,8893
83,Lycée hôtelier Guillaume Tirel (Paris),10,10288
84,Lycée Catherine Labouré (Paris),14,8905
85,Lycée Gabriel Fauré (Paris),17,11364
86,Lycée Albert de Mun (Paris),11,10931
87,Lycée Alphonse de Lamartine (Paris),13,9607
88,Lycée Molière (Paris),16,10931
89,Lycée Saint Jean de Montmartre (Paris),18,10051
90,Lycée Maximilien Vox (Paris),10,10288
91,Lycée Diderot (Paris),13,9607
92,Lycée Heikhal Menahem Sinaï (Paris),12,11364
93,Lycée Jacques Decour (Paris),11,11255
94,Lycée privé Gaston Tenoudji - Rachi (Paris),15,13791
95,Lycée Jacques Monod (Paris),12,12602
96,Lycée Paul Bert (Paris),10,10960
97,Lycée Colbert (Paris),12,12602
98,Lycée professionnel Turquetil (Paris),14,8905
99,Lycée professionnel Marie Laurencin (Paris),11,10931
100,Lycée professionnel des arts graphiques et du livre Corvisart-Tolbiac - site Corvisart (Paris),8,8905
101,Lycée Jean Drouant (Paris),9,9570
102,Lycée Ozar Hatorah (Paris),8,8905
103,Lycée Dorian (Paris),10,9607
104,Lycée Simone Weil (Paris),11,10960
105,Lycée professionnel Chennevière Malézieux (Paris),14,8905
106,Lycée professionnel Erik Satie (Paris),17,11364
107,Lycée Claude Bernard (Paris),10,10960
108,Lycée Voltaire (Paris),10,10288
109,Lycée professionnel hôtelier Belliard (Paris),15,13791
110,Lycée Elisa Lemonnier (Paris),7,10948
111,Lycée Bergson-Jacquard (Paris),13,9607
112,Lycée professionnel Marcel Deprez (Paris),15,13791
113,Lycée d'Alembert (Paris),14,8905
114,Lycée Fresnel (Paris),8,8893
115,Lycée Paul Valéry (Paris),10,10960
116,Lycée professionnel Gustave Ferrié (Paris),14,10058
117,Lycée professionnel Abbé Grégoire site Saint-Jacques (Paris),15,11791
118,Lycée Edgar Quinet (Paris),9,9570
119,Lycée Léonard de Vinci (Paris),13,9607
120,Lycée François Rabelais (Paris),14,8905
121,Lycée des métiers Nicolas-Louis Vauquelin (Paris),8,8893
122,Lycée François Villon (Paris),13,9607
123,Lycée Emile Dubois (Paris),8,8893
124,Lycée Martin Nadaud (Paris),13,9607
125,Lycée Louis Armand (Paris),10,10931
126,Lycée professionnel Octave Feuillet (Paris),9,9255
127,Lycée professionnel Beaugrenelle (Paris),15,11791
128,Lycée professionnel Galilée (Paris),13,9607
129,Lycée professionnel Gustave Eiffel (Paris),14,10288
130,Lycée professionnel Claude Anthime Corbon (Paris),11,10931
131,Lycée professionnel Pierre Lescot (Paris),1,13570
132,Lycée professionnel de l'automobile et de la logistique Camille Jenatzy (Paris),13,9607
133,Lycée professionnel du bâtiment Hector Guimard (Paris),13,9607
134,Lycée professionnel Gaston Bachelard (Paris),10,10288
135,Lycée professionnel Théophile Gautier (Paris),13,9607
136,Lycée Jean Lurçat - Site Gobelins (Paris),13,9607
137,Lycée professionnel René Cassin (Paris),10,10960
138,Lycée Sainte-Thérèse Apprentis d'Auteuil (Paris),14,8905
139,Lycée professionnel Maria Deraismes (Paris),8,8893
140,Lycée Raspail (Paris),9,9255

